Time,Subfloor,HotAisle,Ceiling
0,0,0.0909,0.0227
1.326,0,0.0909,0.0189
2.653,0,0.0909,0.0189
3.979,0,0.0909,0.0265
5.305,0,0.0871,0.0227
6.631,0,0.0795,0.0189
7.958,0,0.0682,0.0038
9.284,0,0.053,0.0038
10.61,0,0.0515,0.2045
11.936,0,0.05,0.2955
13.263,0,0.0485,0.3068
14.589,0,0.047,1.2235
15.915,0,0.0455,1.8106
17.241,0,0.0568,2.3258
18.568,0,0.072,2.3295
19.894,0,0.0682,2.2083
21.22,0,0.0606,2.6136
22.546,0,0.0492,2.5947
23.873,0,0.0417,2.4659
25.199,0,0.0227,2.2235
26.525,0,0.0189,2.1174
27.851,0,0.0492,1.928
29.178,0,0.053,1.9205
30.504,0,0.0568,1.9886
31.83,0,0.0644,2.1174
33.156,0,0.0795,2.1439
34.483,0,0.1212,2.303
35.809,0.0076,0.1667,2.3447
37.135,0.0189,0.2008,2.3712
38.462,0.0227,0.2159,2.3788
39.788,0.0227,0.2311,2.9129
41.114,0.0227,0.2159,3.2197
42.44,0.0265,0.1742,3.7311
43.767,0.0152,0.1326,3.9811
45.093,0.0133,0.1174,3.7576
46.419,0.0114,0.0833,3.6591
47.745,0.0095,0.0455,3.6212
49.072,0.0076,0.0417,3.6591
50.398,0.0057,0.0492,3.6364
51.724,0.0038,0.053,3.5265
53.05,0.0019,0.0606,3.4508
54.377,0,0.0606,3.4394
55.703,0,0.0606,3.5114
57.029,0,0.0909,3.4432
58.355,0.0038,0.0985,3.3371
59.682,0.0076,0.0871,3.2841
61.008,0.0114,0.0871,3.2765
62.334,0.0152,0.0833,3.5114
63.66,0.0189,0.0795,3.6174
64.987,0.0227,0.0076,3.6818
66.313,0.0265,0.0076,3.5341
67.639,0.0303,0.0076,3.4545
68.966,0.0303,0.0076,3.4583
70.292,0.0303,0.0076,3.4773
71.618,0.0265,0.0076,3.4735
72.944,0.0227,0.0076,3.4735
74.271,0.0265,0.0076,3.6212
75.597,0.0303,0.0076,3.6174
76.923,0.0303,0.0076,3.6288
78.249,0.0265,0.0076,3.7538
79.576,0.0227,0.0076,3.7727
80.902,0.0227,0.0076,3.4697
82.228,0.0227,0.0076,3.4583
83.554,0.0228,0.0076,3.3636
84.881,0.0228,0.0076,3.4432
86.207,0.0229,0.0076,3.5152
87.533,0.023,0.0076,3.6061
88.859,0.023,0.0076,3.4129
90.186,0.0231,0.0076,3.1515
91.512,0.0231,0.0076,3.0985
92.838,0.0232,0.0076,3.1705
94.164,0.0232,0.0076,3.2689
95.491,0.0233,0.0076,3.4621
96.817,0.0234,0.0076,3.5114
98.143,0.0234,0.0076,3.4848
99.469,0.0235,0.0076,3.4924
100.796,0.0235,0.0076,3.4697
102.122,0.0236,0.0076,3.4432
103.448,0.0236,0.0076,3.2879
104.775,0.0237,0.0076,3.2841
106.101,0.0238,0.0076,3.3068
107.427,0.0238,0.0076,3.4697
108.753,0.0239,0.0076,3.5947
110.08,0.0239,0.0076,3.6061
111.406,0.024,0.0076,3.3523
112.732,0.024,0.0076,3.2652
114.058,0.0241,0.0076,3.197
115.385,0.0242,0.0076,3.2879
116.711,0.0242,0.0076,3.2386
118.037,0.0243,0.0076,3.2917
119.363,0.0243,0.0076,3.3409
120.69,0.0244,0.0076,3.4432
122.016,0.0244,0.0076,3.4394
123.342,0.0245,0.0076,3.2348
124.668,0.0246,0.0076,3.2311
125.995,0.0246,0.0076,3.1212
127.321,0.0247,0.0076,3.0985
128.647,0.0247,0.0076,3.0871
129.973,0.0248,0.0076,2.7045
131.3,0.0249,0.0076,2.6629
132.626,0.0249,0.0076,2.7083
133.952,0.025,0.0114,2.7008
135.279,0.025,0.0189,2.6061
136.605,0.0251,0.0227,2.5682
137.931,0.0251,0.0227,2.6894
139.257,0.0252,0.0227,2.8977
140.584,0.0253,0.0076,2.8977
141.91,0.0253,0.0076,2.9242
143.236,0.0254,0.0114,2.9091
144.562,0.0254,0.0303,2.8598
145.889,0.0255,0.0455,2.8523
147.215,0.0255,0.0492,2.7083
148.541,0.0256,0.0492,2.6742
149.867,0.0257,0.0455,2.553
151.194,0.0257,0.0341,2.5795
152.52,0.0258,0.0265,2.8333
153.846,0.0258,0.0152,2.9242
155.172,0.0259,0.0114,3.0758
156.499,0.0259,0.0076,3.0833
157.825,0.026,0.0076,3.0379
159.151,0.0261,0.0076,2.9508
160.477,0.0261,0.0076,2.9508
161.804,0.0262,0.0076,3.0455
163.13,0.0262,0.0076,3.1818
164.456,0.0263,0.0076,3.2311
165.782,0.0263,0.0076,3.3182
167.109,0.0264,0.0076,3.1023
168.435,0.0265,0.0076,3.0909
169.761,0.0265,0.0076,3.1326
171.088,0.0379,0.0076,3.1212
172.414,0.0417,0.0076,3.0833
173.74,0.0492,0.0076,2.8447
175.066,0.0492,0.0152,2.8371
176.393,0.0591,0.0189,2.7348
177.719,0.0689,0.0189,2.7273
179.045,0.0788,0.0379,2.8106
180.371,0.0886,0.0417,3.1023
181.698,0.0985,0.0417,3.3712
183.024,0.1023,0.0417,3.4432
184.35,0.0985,0.0379,3.5492
185.676,0.0682,0.0076,3.5038
187.003,0.0455,0.0076,3.2197
188.329,0.0417,0.0076,2.947
189.655,0.0417,0.0076,2.8939
190.981,0.0303,0.0076,2.5985
192.308,0.0265,0.0076,2.5909
193.634,0.0227,0.0076,2.6629
194.96,0.0241,0.0076,2.7311
196.286,0.0254,0.0076,2.9962
197.613,0.0267,0.0076,3.3144
198.939,0.028,0.0076,3.3523
200.265,0.0294,0.0076,3.3712
201.592,0.0307,0.0076,3.3674
202.918,0.032,0.0076,3.3068
204.244,0.0333,0.0076,3.2348
205.57,0.0347,0.0076,3.6098
206.897,0.036,0.0076,3.6136
208.223,0.0373,0.0076,3.3712
209.549,0.0386,0.0076,3.2386
210.875,0.04,0.0076,3.0871
212.202,0.0413,0.0076,3.2917
213.528,0.0426,0.0076,3.4924
214.854,0.0439,0.0076,3.4394
216.18,0.0453,0.0076,3.3371
217.507,0.0466,0.0076,3.3333
218.833,0.0479,0.0076,3.5076
220.159,0.0492,0.0152,3.6023
221.485,0.0568,0.0189,3.6402
222.812,0.053,0.0189,3.5341
224.138,0.0492,0.0152,3.5038
225.464,0.0379,0.0076,3.6591
226.79,0.0265,0.0076,4.0568
228.117,0.0303,0.0076,3.8902
229.443,0.0303,0.0076,3.4659
230.769,0.0341,0.0076,3.1818
232.095,0.029,0.0076,3.0795
233.422,0.024,0.0189,3.8333
234.748,0.0189,0.0606,4.0038
236.074,0.0139,0.072,4.0417
237.401,0.0088,0.0833,3.9508
238.727,0.0038,0.0985,3.625
240.053,0.0114,0.0947,3.625
241.379,0.0114,0.0947,3.6705
242.706,0.0114,0.0985,3.678
244.032,0.0271,0.0871,3.4886
245.358,0.0429,0.072,3.4015
246.684,0.0587,0.053,3.3485
248.011,0.0745,0.0417,3.5152
249.337,0.0903,0.0379,3.5758
250.663,0.1061,0.0379,3.7955
251.989,0.1136,0.0417,3.9053
253.316,0.1136,0.0417,3.8447
254.642,0.1136,0.0417,3.7462
255.968,0.1061,0.0379,3.5038
257.294,0.0644,0.0152,3.4205
258.621,0.0606,0.0076,3.4242
259.947,0.0871,0.0076,3.5455
261.273,0.0909,0.0076,3.6174
262.599,0.0947,0.0076,3.7576
263.926,0.0947,0.0076,3.7121
265.252,0.0985,0.0076,3.625
266.578,0.0909,0.0076,3.5038
267.905,0.0909,0.0076,3.4091
269.231,0.0909,0.0114,3.3523
270.557,0.1023,0.0189,3.2955
271.883,0.1136,0.0227,3.2992
273.21,0.1402,0.0379,3.2462
274.536,0.1439,0.0644,3.0189
275.862,0.1396,0.0795,2.9659
277.188,0.1353,0.0871,3.0303
278.515,0.131,0.1023,3.0606
279.841,0.1266,0.0871,3.2803
281.167,0.1223,0.0833,3.3712
282.493,0.118,0.0455,3.2159
283.82,0.1136,0.0152,3.125
285.146,0.1023,0.0152,3.0909
286.472,0.1023,0.0189,3.0985
287.798,0.1136,0.0227,3.7917
289.125,0.1174,0.0227,3.9356
290.451,0.1212,0.0227,4.0492
291.777,0.1174,0.0152,4.3712
293.103,0.1136,0.0076,4.4053
294.43,0.1212,0.0076,4.3409
295.756,0.1212,0.0076,4.2955
297.082,0.1023,0.0076,4.0303
298.408,0.0985,0.0076,3.7879
299.735,0.1023,0.0076,3.8295
301.061,0.1098,0.0076,3.697
302.387,0.1136,0.0076,3.4773
303.714,0.1288,0.0076,3.0379
305.04,0.1212,0.0076,2.9091
306.366,0.1136,0.0076,2.7992
307.692,0.1174,0.0076,2.7917
309.019,0.125,0.0076,3.0985
310.345,0.125,0.0076,3.2083
311.671,0.125,0.0227,3.2386
312.997,0.1269,0.0379,3.2955
314.324,0.1288,0.1818,3.0682
315.65,0.1307,0.1856,3.0644
316.976,0.1326,0.1856,2.9242
318.302,0.1345,0.2045,2.9167
319.629,0.1364,0.1856,2.697
320.955,0.1383,0.1326,2.6856
322.281,0.1402,0.1098,2.6629
323.607,0.142,0.0985,2.6515
324.934,0.1439,0.0265,2.7841
326.26,0.1402,0.0227,2.8561
327.586,0.1477,0.0227,3.1288
328.912,0.1439,0.0227,3.1553
330.239,0.1402,0.0114,3.2955
331.565,0.1364,0.0114,3.4924
332.891,0.1326,0.0189,3.5
334.218,0.1439,0.0303,3.5303
335.544,0.1439,0.0379,3.5417
336.87,0.1515,0.0417,3.3826
338.196,0.1477,0.0417,3.3788
339.523,0.1477,0.0379,3.4356
340.849,0.1439,0.0341,3.4773
342.175,0.1439,0.0303,3.8144
343.501,0.1477,0.0227,4.072
344.828,0.1553,0.0227,4.2008
346.154,0.1629,0.0227,4.2197
347.48,0.1742,0.0227,4.2083
348.806,0.1818,0.0227,3.8523
350.133,0.1894,0.0227,3.6932
351.459,0.1856,0.0152,3.6515
352.785,0.178,0.0114,3.4508
354.111,0.1742,0.0114,3.3902
355.438,0.1742,0.0152,3.5114
356.764,0.1742,0.0189,3.7273
358.09,0.1818,0.0227,3.8409
359.416,0.1894,0.0303,3.9053
360.743,0.1932,0.0303,3.9091
362.069,0.1894,0.0303,3.9053
363.395,0.1932,0.0341,3.8977
364.721,0.1932,0.0341,3.9583
366.048,0.1932,0.0417,4.1174
367.374,0.1932,0.0568,4.2311
368.7,0.1932,0.0606,4.1439
370.027,0.2008,0.0606,4.0152
371.353,0.2045,0.0568,3.8447
372.679,0.2045,0.0227,3.8447
374.005,0.197,0.0152,3.7917
375.332,0.1856,0.0076,3.7614
376.658,0.1742,0.0114,4
377.984,0.1705,0.0152,4.0076
379.31,0.1667,0.0227,3.8826
380.637,0.1591,0.0379,4.0038
381.963,0.1629,0.0492,4.0114
383.289,0.1629,0.053,4.0189
384.615,0.1667,0.0682,3.9886
385.942,0.1629,0.0947,3.947
387.268,0.1629,0.0947,4.0303
388.594,0.1667,0.0947,4.0455
389.92,0.178,0.1023,4.0682
391.247,0.1818,0.1136,4.0227
392.573,0.1856,0.1174,4
393.899,0.1578,0.1326,4.0076
395.225,0.1301,0.1439,4.0189
396.552,0.1023,0.1553,3.9962
397.878,0.096,0.1553,3.75
399.204,0.0896,0.125,3.7538
400.531,0.0833,0.1061,3.75
401.857,0.077,0.0909,3.5114
403.183,0.0707,0.0909,3.5985
404.509,0.0644,0.0909,3.7576
405.836,0.0581,0.0985,3.2917
407.162,0.0518,0.1402,3.2538
408.488,0.0455,0.1629,2.9924
409.814,0.0568,0.1742,2.7159
411.141,0.072,0.2008,2.7273
412.467,0.0682,0.2045,2.9015
413.793,0.0644,0.1629,2.9432
415.119,0.0606,0.1364,3.2576
416.446,0.0568,0.125,3.7235
417.772,0.053,0.1629,3.8106
419.098,0.053,0.1856,4.1098
420.424,0.0682,0.197,4.2008
421.751,0.072,0.2008,4.2045
423.077,0.0754,0.1818,4.0189
424.403,0.0788,0.1288,3.8712
425.729,0.0822,0.1174,3.5909
427.056,0.0856,0.072,3.5909
428.382,0.089,0.0682,3.8447
429.708,0.0924,0.0644,4.1667
431.034,0.0958,0.0644,4.2083
432.361,0.0992,0.0644,4.1439
433.687,0.1027,0.053,3.9697
435.013,0.1061,0.0417,3.5379
436.34,0.1023,0.0417,3.4091
437.666,0.0952,0.0417,3.3485
438.992,0.0881,0.0644,3.1742
440.318,0.081,0.0568,3.1932
441.645,0.0739,0.053,3.428
442.971,0.0668,0.053,3.4962
444.297,0.0597,0.0379,3.7121
445.623,0.0526,0.0114,4.0455
446.95,0.0455,0.0076,4.0606
448.276,0.0417,0.0076,4.1742
449.602,0.0644,0.0076,4.1023
450.928,0.0758,0.0227,4.0076
452.255,0.0833,0.0303,3.9053
453.581,0.0871,0.0303,3.8068
454.907,0.0909,0.0303,3.7879
456.233,0.0871,0.0227,3.4773
457.56,0.0758,0.0152,3.4697
458.886,0.0758,0.0152,3.4583
460.212,0.072,0.0152,3.1023
461.538,0.0682,0.0189,3.0265
462.865,0.0682,0.0227,2.9508
464.191,0.072,0.0227,2.9318
465.517,0.0758,0.0227,3.2765
466.844,0.0758,0.0227,3.3939
468.17,0.0871,0.0227,3.4508
469.496,0.0909,0.0227,3.5947
470.822,0.0909,0.0189,3.7273
472.149,0.0795,0.0152,3.8636
473.475,0.0606,0.0076,4.2386
474.801,0.053,0.0076,4.2689
476.127,0.053,0.0076,4.3258
477.454,0.053,0.0076,4.3977
478.78,0.0568,0.0076,4.3864
480.106,0.0644,0.0114,4.1477
481.432,0.0682,0.0227,4.0152
482.759,0.0833,0.0303,4.0076
484.085,0.0871,0.0341,4.197
485.411,0.0909,0.0341,4.3712
486.737,0.0871,0.053,4.4167
488.064,0.0691,0.0492,4.4508
489.39,0.0511,0.0606,4.5909
490.716,0.0331,0.0644,4.7045
492.042,0.0152,0.0758,4.5265
493.369,0.0189,0.0985,4.5189
494.695,0.0417,0.1174,3.9129
496.021,0.053,0.1212,3.8561
497.347,0.0492,0.1174,3.8068
498.674,0.0417,0.1136,3.7386
500,0.0303,0.1136,3.9545
501.326,0.0303,0.1212,4.0189
502.653,0.0303,0.1212,4.553
503.979,0.0303,0.1174,4.5644
505.305,0.0303,0.1174,4.6591
506.631,0.0303,0.1288,4.6629
507.958,0.0341,0.1364,4.5189
509.284,0.0379,0.1402,4.2386
510.61,0.0417,0.1477,4.0909
511.936,0.0379,0.1477,3.7424
513.263,0.0341,0.1402,3.6212
514.589,0.0303,0.1705,3.2879
515.915,0.0303,0.1742,3.2955
517.241,0.0265,0.2311,3.9697
518.568,0.0152,0.3068,3.9735
519.894,0.0152,0.3409,3.9735
521.22,0.0227,0.3636,4.1364
522.546,0.0227,0.3977,4.0114
523.873,0.0227,0.3977,3.8712
525.199,0.0227,0.3788,3.8864
526.525,0.0227,0.3598,3.9848
527.851,0.0341,0.3371,4.3409
529.178,0.0379,0.2992,4.4205
530.504,0.0341,0.2879,4.5114
531.83,0.0303,0.2841,4.6174
533.156,0.0227,0.2424,4.5871
534.483,0.0227,0.2386,4.3674
535.809,0.0265,0.2311,4.322
537.135,0.0341,0.1932,4.3636
538.462,0.0076,0.1439,4.1705
539.788,0,0.1098,3.9924
541.114,0.0035,0.0909,3.8636
542.44,0.0069,0.0909,3.9811
543.767,0.0104,0.0871,3.9659
545.093,0.0139,0.0833,3.9735
546.419,0.0174,0.0795,3.9773
547.745,0.0208,0.0455,3.9621
549.072,0.0243,0.0492,3.8295
550.398,0.0278,0.0833,3.8485
551.724,0.0312,0.0909,3.8636
553.05,0.0347,0.0947,3.8447
554.377,0.0382,0.1174,3.8371
555.703,0.0417,0.1364,3.6174
557.029,0.0568,0.1402,3.7121
558.355,0.0492,0.1364,3.9129
559.682,0.053,0.1326,3.9886
561.008,0.053,0.1288,3.8902
562.334,0.053,0.125,3.803
563.66,0.0568,0.1212,3.6023
564.987,0.0417,0.1023,3.6174
566.313,0.0411,0.0833,3.4659
567.639,0.0406,0.0795,3.4621
568.966,0.04,0.072,3.3636
570.292,0.0395,0.0758,3.1174
571.618,0.039,0.1061,3.1477
572.944,0.0384,0.1174,3.25
574.271,0.0379,0.1818,3.5379
575.597,0.0568,0.25,3.6553
576.923,0.0568,0.2652,3.947
578.249,0.0492,0.2652,3.9962
579.576,0.0417,0.2424,4.0303
580.902,0.05,0.1364,4.1174
582.228,0.0583,0.1439,4.4167
583.554,0.0667,0.1705,4.4129
584.881,0.075,0.1894,4.2803
586.207,0.0833,0.2424,4.2083
587.533,0.1061,0.2879,4.0227
588.859,0.1061,0.303,4.0189
590.186,0.0985,0.2803,4.0379
591.512,0.0871,0.2765,4.1098
592.838,0.0795,0.3636,4.1364
594.164,0.0795,0.3674,4.1364
595.491,0.0682,0.4432,4.1705
596.817,0.0644,0.5379,4.1515
598.143,0.0682,0.6061,3.6894
599.469,0.0758,0.6098,3.5644
600.796,0.0947,0.6326,3.5038
602.122,0.1023,0.678,3.5606
603.448,0.1061,0.6667,3.8712
604.775,0.1212,0.6667,3.8674
606.101,0.125,0.6515,4.0758
607.427,0.1326,0.5947,4.0833
608.753,0.1364,0.5076,3.8106
610.08,0.1477,0.4697,3.7197
611.406,0.1515,0.4318,3.6705
612.732,0.1515,0.3712,3.0947
614.058,0.1553,0.3258,3.2273
615.385,0.1629,0.5189,3.3939
616.711,0.1667,0.5265,3.5455
618.037,0.1629,0.5265,3.5833
619.363,0.1402,0.5303,3.9621
620.69,0.1515,0.5265,4.072
622.016,0.1477,0.5227,4.2689
623.342,0.1477,0.5265,4.2652
624.668,0.1553,0.5909,4.1061
625.995,0.1818,0.7045,4.1061
627.321,0.1818,0.7159,4.1061
628.647,0.1856,0.6818,4.0909
629.973,0.1856,0.5871,4.0795
631.3,0.2045,0.5833,4.0114
632.626,0.2045,0.5871,4.0076
633.952,0.2083,0.6212,4.1553
635.279,0.2008,0.5871,4.3371
636.605,0.1894,0.5644,4.3333
637.931,0.1856,0.5606,4.2273
639.257,0.1856,0.553,3.9545
640.584,0.1742,0.3447,3.8144
641.91,0.1705,0.3333,3.5417
643.236,0.1629,0.3182,3.4545
644.562,0.1591,0.2689,3.4508
645.889,0.1515,0.2538,3.3371
647.215,0.1515,0.2462,3.3258
648.541,0.1439,0.2348,3.2424
649.867,0.1439,0.2311,3.2083
651.194,0.1477,0.2273,3.2273
652.52,0.1515,0.2462,3.1439
653.846,0.1515,0.2727,3.1364
655.172,0.1515,0.2765,3.2576
656.499,0.1515,0.2841,3.3826
657.825,0.1553,0.2803,3.7652
659.151,0.1477,0.2614,3.9167
660.477,0.1402,0.2652,3.9091
661.804,0.1326,0.2727,3.8977
663.13,0.1288,0.2727,3.625
664.456,0.1288,0.2727,3.6212
665.782,0.1326,0.2689,3.6136
667.109,0.1477,0.2652,3.4091
668.435,0.1477,0.2462,3.4129
669.761,0.1439,0.2311,3.3333
671.088,0.1439,0.2311,3.2576
672.414,0.1477,0.2273,3.2462
673.74,0.1288,0.2197,3.2197
675.066,0.1136,0.2008,3.3068
676.393,0.1136,0.197,3.2992
677.719,0.1136,0.2197,3.3106
679.045,0.1136,0.2841,3.428
680.371,0.1174,0.303,3.6098
681.698,0.1288,0.3182,3.7159
683.024,0.1364,0.3409,3.928
684.35,0.1402,0.3712,4.0152
685.676,0.1553,0.3674,4.0568
687.003,0.1591,0.3258,4.2348
688.329,0.1591,0.3371,4.2045
689.655,0.1629,0.3598,4.1705
690.981,0.1591,0.3712,3.9811
692.308,0.1477,0.375,3.8598
693.634,0.1515,0.375,3.8485
694.96,0.1477,0.3182,3.697
696.286,0.1477,0.2803,3.5682
697.613,0.1591,0.2652,3.5492
698.939,0.1705,0.25,3.4167
700.265,0.1629,0.2424,3.4583
701.592,0.1553,0.2424,3.5303
702.918,0.1439,0.2348,3.6326
704.244,0.1439,0.2348,3.6136
705.57,0.1439,0.2348,3.5682
706.897,0.1477,0.2386,3.5038
708.223,0.1591,0.2386,3.4924
709.549,0.1629,0.2386,3.6098
710.875,0.1667,0.2348,3.6742
712.202,0.1667,0.2311,3.8333
713.528,0.1705,0.2386,4.1705
714.854,0.1629,0.2689,4.1856
716.18,0.1591,0.2727,4.553
717.507,0.1591,0.2803,4.9242
718.833,0.1439,0.2803,4.8295
720.159,0.1402,0.2765,4.7348
721.485,0.1439,0.2879,4.1742
722.812,0.1439,0.2917,4.1591
724.138,0.1288,0.2955,4.4432
725.464,0.125,0.3295,4.4697
726.79,0.125,0.3485,4.5038
728.117,0.1288,0.3902,4.3864
729.443,0.125,0.4242,4.3674
730.769,0.1098,0.4659,4.3902
732.095,0.1098,0.4811,4.6515
733.422,0.1136,0.4583,4.6856
734.748,0.1288,0.4545,4.572
736.074,0.1326,0.4659,4.5417
737.401,0.1364,0.4697,4.5341
738.727,0.1364,0.4735,4.6932
740.053,0.1477,0.4545,4.7008
741.379,0.1553,0.4129,4.7917
742.706,0.1515,0.3939,4.7614
744.032,0.1515,0.3409,4.7424
745.358,0.1326,0.2955,3.9432
746.684,0.125,0.2879,3.928
748.011,0.1098,0.2462,3.9924
749.337,0.0833,0.2121,4.1439
750.663,0.0888,0.1856,4.1667
751.989,0.0943,0.1515,3.5795
753.316,0.0997,0.1212,3.3712
754.642,0.1052,0.1098,3.2841
755.968,0.1107,0.1402,3.4394
757.294,0.1162,0.1629,3.4659
758.621,0.1216,0.1894,3.4091
759.947,0.1271,0.2348,3.3371
761.273,0.1326,0.2955,3.2879
762.599,0.1591,0.2992,3.3977
763.926,0.1591,0.2955,3.5758
765.252,0.1477,0.2879,3.5492
766.578,0.1481,0.2235,3.2273
767.905,0.1485,0.2045,2.9697
769.231,0.1489,0.2008,2.9432
770.557,0.1492,0.1932,3.2197
771.883,0.1496,0.1629,3.2652
773.21,0.15,0.1705,3.2576
774.536,0.1504,0.1818,3.2462
775.862,0.1508,0.1894,3.303
777.188,0.1511,0.2121,3.875
778.515,0.1515,0.2197,3.8977
779.841,0.1591,0.2311,3.7727
781.167,0.1667,0.2311,3.7121
782.493,0.1705,0.2462,3.0303
783.82,0.1818,0.3068,3.0341
785.146,0.1932,0.3182,3.0833
786.472,0.1894,0.3561,3.0795
787.798,0.1856,0.4091,3.2197
789.125,0.1818,0.4318,3.2992
790.451,0.1667,0.3939,3.6212
791.777,0.1553,0.3826,4.0114
793.103,0.1515,0.3674,4.1894
794.43,0.1569,0.2348,4.3561
795.756,0.1623,0.2045,4.6098
797.082,0.1677,0.2121,4.6705
798.408,0.1732,0.2159,4.4773
799.735,0.1786,0.4167,4.3447
801.061,0.184,0.4432,3.9015
802.387,0.1894,0.4773,3.625
803.714,0.1856,0.4811,3.625
805.04,0.1856,0.3939,3.6818
806.366,0.1818,0.375,3.6856
807.692,0.1818,0.3712,3.3598
809.019,0.1742,0.3561,3.3258
810.345,0.1705,0.322,3.3371
811.671,0.1705,0.3182,3.375
812.997,0.1629,0.2652,3.4508
814.324,0.1629,0.2386,3.4659
815.65,0.1613,0.2159,3.3977
816.976,0.1596,0.2121,3.625
818.302,0.158,0.2045,3.7008
819.629,0.1564,0.1856,3.7348
820.955,0.1548,0.1894,4.0568
822.281,0.1531,0.2045,4.0038
823.607,0.1515,0.2121,3.6477
824.934,0.1515,0.2159,3.5
826.26,0.1477,0.2197,3.3258
827.586,0.1439,0.2273,3.6591
828.912,0.1439,0.2803,3.8447
830.239,0.1439,0.322,4.0947
831.565,0.1515,0.3371,4.4318
832.891,0.1515,0.3674,4.2955
834.218,0.1402,0.3523,4.0568
835.544,0.1326,0.3409,4.0341
836.87,0.1098,0.2386,4.3068
838.196,0.1061,0.2045,4.2538
839.523,0.1023,0.1818,4.1705
840.849,0.1061,0.1818,3.9659
842.175,0.1098,0.1818,3.553
843.501,0.1212,0.2083,3.5985
844.828,0.1212,0.2765,3.7841
846.154,0.1288,0.2992,4.0114
847.48,0.1402,0.303,4.0152
848.806,0.1402,0.303,3.7197
850.133,0.1402,0.2955,3.3068
851.459,0.1364,0.2159,3.1326
852.785,0.1364,0.2083,3.1818
854.111,0.1326,0.2159,3.197
855.438,0.1364,0.2235,3.2235
856.764,0.1288,0.2311,3.2614
858.09,0.125,0.2538,3.2614
859.416,0.1212,0.3068,3.3106
860.743,0.125,0.3295,3.3674
862.069,0.1326,0.3258,3.3598
863.395,0.1326,0.3182,3.3258
864.721,0.1364,0.3144,3.3864
866.048,0.1402,0.2955,3.7045
867.374,0.1326,0.303,4.125
868.7,0.1326,0.3295,4.4848
870.027,0.125,0.3258,4.5152
871.353,0.1288,0.3447,4.4773
872.679,0.1288,0.3523,4.4242
874.005,0.1212,0.4242,4.1023
875.332,0.1174,0.5,3.8598
876.658,0.1098,0.5038,3.5227
877.984,0.1061,0.4508,3.3258
879.31,0.1098,0.4394,3.3106
880.637,0.1098,0.3561,3.4167
881.963,0.1023,0.3258,3.5985
883.289,0.1098,0.25,3.6098
884.615,0.1136,0.25,3.7841
885.942,0.1174,0.2462,3.6023
887.268,0.1402,0.3295,3.5947
888.594,0.1402,0.3371,3.5871
889.92,0.1326,0.3409,3.678
891.247,0.1326,0.3485,3.8977
892.573,0.1326,0.3485,3.6856
893.899,0.125,0.322,3.678
895.225,0.1212,0.2803,3.5568
896.552,0.1136,0.303,3.5455
897.878,0.1023,0.3144,3.6061
899.204,0.1098,0.3182,3.6932
900.531,0.1174,0.678,3.6364
901.857,0.1098,0.7311,3.4508
903.183,0.1023,0.7348,3.3788
904.509,0.0985,0.7386,3.447
905.836,0.1023,0.822,3.5076
907.162,0.1023,0.7917,3.9091
908.488,0.1023,0.7727,4.1288
909.814,0.0947,0.697,4.1326
911.141,0.0947,0.6515,4.0606
912.467,0.0833,0.6515,3.8523
913.793,0.072,0.5341,3.7803
915.119,0.0947,0.5038,3.7348
916.446,0.0947,0.3977,3.7462
917.772,0.1023,0.4015,3.803
919.098,0.1023,0.3674,3.822
920.424,0.0871,0.3712,3.9848
921.751,0.072,0.428,4.0417
923.077,0.0644,0.4318,4.2045
924.403,0.0758,0.3939,4.2765
925.729,0.0947,0.3864,4.4621
927.056,0.1023,0.3864,4.5303
928.382,0.1023,0.375,4.6402
929.708,0.0947,0.2841,4.7917
931.034,0.0909,0.2197,4.8485
932.361,0.0758,0.2197,4.8447
933.687,0.0795,0.2273,4.5947
935.013,0.0758,0.2311,4.2841
936.34,0.072,0.2614,3.9962
937.666,0.0644,0.2614,3.6894
938.992,0.0606,0.2727,3.6629
940.318,0.0455,0.2652,3.6553
941.645,0.0455,0.2576,3.5455
942.971,0.0417,0.2538,3.5492
944.297,0.0417,0.25,3.5455
945.623,0.0455,0.2538,3.5076
946.95,0.0455,0.2576,3.4583
948.276,0.0417,0.2386,3.1591
949.602,0.0417,0.2121,3.0265
950.928,0.0341,0.197,2.9432
952.255,0.0341,0.1894,2.9659
953.581,0.0303,0.1818,3.1174
954.907,0.0227,0.178,3.375
956.233,0.0189,0.1667,3.5417
957.56,0.0189,0.1705,3.7235
958.886,0.0076,0.1667,3.8598
960.212,0.0076,0.1667,3.8788
961.538,0.0076,0.1667,3.8409
962.865,0.0114,0.1553,3.4621
964.191,0.0152,0.1439,3.3523
965.517,0.0152,0.125,3.2008
966.844,0.0152,0.1174,3.3826
968.17,0.0152,0.1098,3.6098
969.496,0.0152,0.1061,3.6742
970.822,0.0189,0.1061,3.8068
972.149,0.0152,0.1098,3.8106
973.475,0.0038,0.0833,3.7386
974.801,0,0.0682,3.8636
976.127,0,0.1061,3.8712
977.454,0,0.1136,4.1136
978.78,0,0.1477,4.1136
980.106,0.0038,0.2008,4.072
981.432,0.0076,0.2159,4.1136
982.759,0.0076,0.2386,4.3068
984.085,0.0076,0.2348,4.2614
985.411,0.0076,0.2311,3.9583
986.737,0.0076,0.2386,4.0379
988.064,0.0076,0.2689,4.0985
989.39,0.0076,0.2765,4.2348
990.716,0.0076,0.2727,4.2348
992.042,0.0076,0.2424,4.1364
993.369,0.0076,0.2159,3.5871
994.695,0.0076,0.1591,3.5606
996.021,0.0038,0.1402,3.803
997.347,0.0038,0.0758,3.8561
998.674,0.0038,0.0644,4.0455
1000,0.0076,0.0758,4.322
1001.326,0.0076,0.0871,4.5038
1002.653,0.0076,0.0985,4.6591
1003.979,0.0076,0.1061,4.6894
1005.305,0.0076,0.0758,4.6818
1006.631,0.0076,0.072,4.0455
1007.958,0.0076,0.0682,4.0038
1009.284,0.0076,0.0417,3.9318
1010.61,0.0076,0.0417,3.8902
1011.936,0.0076,0.0492,3.8826
1013.263,0.0076,0.053,3.9508
1014.589,0.0076,0.053,3.9735
1015.915,0.0076,0.053,4.3561
1017.241,0.0076,0.0492,4.5076
1018.568,0.0076,0.0492,4.5114
1019.894,0.0076,0.0455,4.3864
1021.22,0.0076,0.0417,4.0152
1022.546,0.0076,0.0265,3.9394
1023.873,0.0076,0.0076,3.9962
1025.199,0.0076,0.0152,3.9924
1026.525,0.0076,0.0644,3.9811
1027.851,0.0076,0.0758,4.0114
1029.178,0.0076,0.0833,4.0189
1030.504,0.0076,0.1061,3.947
1031.83,0.0076,0.1402,3.7689
1033.156,0.0076,0.1667,3.697
1034.483,0.0076,0.1591,3.697
1035.809,0.0076,0.1136,3.697
1037.135,0.0076,0.0947,3.6629
1038.462,0.0076,0.0871,3.4167
1039.788,0.0076,0.0606,3.3902
1041.114,0.0076,0.0152,3.3068
1042.44,0.0076,0.0076,3.2235
1043.767,0.0076,0.0341,3.2045
1045.093,0.0076,0.0492,2.9924
1046.419,0.0076,0.0568,2.8977
1047.745,0.0076,0.0606,2.9053
1049.072,0.0076,0.0606,3.0682
1050.398,0.0076,0.0985,3.1932
1051.724,0.0076,0.1136,3.2955
1053.05,0.0076,0.1212,3.6402
1054.377,0.0076,0.1477,3.6742
1055.703,0.0076,0.1629,3.6326
1057.029,0.0076,0.1553,3.803
1058.355,0.0076,0.1477,3.8144
1059.682,0.0076,0.1477,3.9621
1061.008,0.0076,0.1894,3.9053
1062.334,0.0076,0.1932,3.6515
1063.66,0.0076,0.197,3.6515
1064.987,0.0076,0.1894,3.6477
1066.313,0.0076,0.1629,3.7765
1067.639,0.007,0.1591,3.7765
1068.966,0.0065,0.125,3.8788
1070.292,0.006,0.1061,3.7803
1071.618,0.0054,0.1061,3.6023
1072.944,0.0049,0.1667,3.5795
1074.271,0.0043,0.178,3.5644
1075.597,0.0038,0.2045,3.7386
1076.923,0.0076,0.2727,3.9167
1078.249,0.0076,0.3636,3.8371
1079.576,0.0076,0.4697,3.8333
1080.902,0.0076,0.4735,3.8371
1082.228,0.0076,0.4659,3.7955
1083.554,0.0076,0.4621,3.7841
1084.881,0.0076,0.3902,3.7424
1086.207,0.0076,0.3826,3.6364
1087.533,0.0076,0.375,3.4545
1088.859,0.0076,0.3788,3.3182
1090.186,0.0076,0.3712,3.2159
1091.512,0.0076,0.3674,3.2159
1092.838,0.0076,0.2576,3.7045
1094.164,0,0.1894,3.7121
1095.491,0,0.1856,3.6364
1096.817,0,0.1818,3.6326
1098.143,0,0.0795,3.7765
1099.469,0,0.1212,3.9432
1100.796,0,0.2273,4.2197
1102.122,0.0038,0.2765,4.2008
1103.448,0.0076,0.2917,4.2311
1104.775,0.0076,0.3106,4.2348
1106.101,0.0076,0.3068,4.0152
1107.427,0,0.2879,3.8674
1108.753,0.0013,0.1288,3.7235
1110.08,0.0025,0.0985,3.4394
1111.406,0.0038,0.1136,3.4394
1112.732,0.0051,0.1364,3.4432
1114.058,0.0063,0.1629,3.4129
1115.385,0.0076,0.2386,3.3371
1116.711,0.0076,0.2841,3.5076
1118.037,0.0076,0.2803,3.5114
1119.363,0.0076,0.2311,3.5833
1120.69,0,0.1553,3.875
1122.016,0.0009,0.125,3.8788
1123.342,0.0019,0.1174,3.8712
1124.668,0.0028,0.1136,3.6705
1125.995,0.0038,0.0644,3.8144
1127.321,0.0047,0.0795,3.8636
1128.647,0.0057,0.0871,3.8636
1129.973,0.0066,0.2045,3.8561
1131.3,0.0076,0.2386,3.9848
1132.626,0.0076,0.2424,4.072
1133.952,0.0076,0.2045,4.0909
1135.279,0.0076,0.1932,4.3333
1136.605,0.0076,0.1364,4.2765
1137.931,0.0076,0.0833,3.9394
1139.257,0.0076,0.0682,3.8712
1140.584,0.0076,0.1136,3.7273
1141.91,0.0076,0.1705,3.5492
1143.236,0.0076,0.3636,3.3636
1144.562,0.0076,0.3939,3.1591
1145.889,0.0076,0.4129,3.1591
1147.215,0.0076,0.4811,3.2803
1148.541,0.0076,0.5341,3.2879
1149.867,0.0076,0.5341,3.2083
1151.194,0.0076,0.5341,3.0189
1152.52,0.0076,0.4015,2.8333
1153.846,0.0076,0.3144,2.7803
1155.172,0.0076,0.2689,2.625
1156.499,0.0076,0.25,2.5189
1157.825,0.0076,0.2045,2.5152
1159.151,0.0076,0.1288,2.7045
1160.477,0.0076,0.197,2.9091
1161.804,0.0076,0.1932,3.2159
1163.13,0.0076,0.2197,3.4091
1164.456,0.0076,0.2273,3.6818
1165.782,0.0076,0.2538,3.7879
1167.109,0.0076,0.3409,3.8712
1168.435,0.0076,0.4205,3.7614
1169.761,0.0076,0.4318,3.7614
1171.088,0.0076,0.428,3.7576
1172.414,0.0076,0.4091,3.8333
1173.74,0.0076,0.2121,3.8712
1175.066,0.0076,0.1515,3.7538
1176.393,0.0076,0.1439,3.697
1177.719,0.0076,0.0947,3.5606
1179.045,0.0076,0.0947,3.3788
1180.371,0.0076,0.322,3.3788
1181.698,0.0076,0.3409,3.3598
1183.024,0.0076,0.3674,3.3561
1184.35,0.0076,0.3902,3.1364
1185.676,0.0076,0.4091,2.9735
1187.003,0.0076,0.3939,2.9318
1188.329,0.0076,0.3788,2.8068
1189.655,0.0076,0.3485,3.0114
1190.981,0.0114,0.1742,3.178
1192.308,0.0152,0.178,2.9962
1193.634,0.0189,0.1856,2.9545
1194.96,0.0189,0.2008,2.7689
1196.286,0.0227,0.3939,2.8674
1197.613,0.0227,0.4735,2.9356
1198.939,0.0227,0.4886,3.0227
1200.265,0.0189,0.5303,3.3977
1201.592,0.0076,0.5076,3.572
1202.918,0.0076,0.5,3.6705
1204.244,0.0076,0.4962,3.6629
1205.57,0.0114,0.3371,3.6553
1206.897,0.0152,0.3182,3.5795
1208.223,0.0189,0.3068,3.5871
1209.549,0.0152,0.303,3.5644
1210.875,0.0152,0.3409,3.5265
1212.202,0.0189,0.375,3.4773
1213.528,0.0227,0.375,3.4091
1214.854,0.0227,0.3674,3.4886
1216.18,0.0227,0.3636,3.5189
1217.507,0.0227,0.3598,3.8258
1218.833,0.0227,0.3333,3.8674
1220.159,0.0227,0.3636,3.5417
1221.485,0.0227,0.3788,3.25
1222.812,0.0227,0.4508,3.125
1224.138,0.0227,0.4811,2.6477
1225.464,0.0189,0.4773,2.5606
1226.79,0.0189,0.4735,2.5682
1228.117,0.0189,0.4659,2.9886
1229.443,0.0189,0.4508,3.0985
1230.769,0.0303,0.4583,3.1364
1232.095,0.0341,0.4621,3.2614
1233.422,0.0492,0.5758,3.2689
1234.748,0.053,0.6288,3.4053
1236.074,0.0606,0.6591,3.5417
1237.401,0.0568,0.7159,3.8826
1238.727,0.0492,0.7273,4.0076
1240.053,0.0492,0.7045,4.3258
1241.379,0.0492,0.6212,4.3485
1242.706,0.0606,0.6136,4.3371
1244.032,0.0758,0.5909,4.2727
1245.358,0.0833,0.5909,4.1818
1246.684,0.0947,0.5985,4.0152
1248.011,0.1023,0.5455,3.8295
1249.337,0.1023,0.5303,3.75
1250.663,0.1023,0.5189,3.7348
1251.989,0.1098,0.4659,3.9621
1253.316,0.1098,0.3826,4.0341
1254.642,0.1136,0.3068,4.0682
1255.968,0.1136,0.303,3.9697
1257.294,0.1061,0.2803,3.8409
1258.621,0.1061,0.2727,3.8295
1259.947,0.1023,0.2841,3.572
1261.273,0.1023,0.303,3.5758
1262.599,0.1098,0.3485,3.5038
1263.926,0.1136,0.3636,3.7803
1265.252,0.1023,0.4848,4.2273
1266.578,0.0985,0.5568,4.2311
1267.905,0.1061,0.5758,4.678
1269.231,0.1098,0.5795,4.572
1270.557,0.1136,0.6591,4.3371
1271.883,0.1136,0.6818,3.7311
1273.21,0.1023,0.678,3.572
1274.536,0.1023,0.6818,3.4394
1275.862,0.0985,0.6856,3.553
1277.188,0.0947,0.7273,3.6629
1278.515,0.0833,0.7235,3.7727
1279.841,0.0758,0.7159,3.9583
1281.167,0.0795,0.7159,4.0189
1282.493,0.0833,0.7197,4.0265
1283.82,0.0909,0.7689,4.2727
1285.146,0.0909,0.7727,4.5152
1286.472,0.0833,0.7765,4.803
1287.798,0.0795,0.7689,4.9242
1289.125,0.0871,0.7538,4.5038
1290.451,0.0909,0.6932,4.3106
1291.777,0.1098,0.6591,4.0871
1293.103,0.1136,0.6136,3.4356
1294.43,0.1212,0.6023,3.428
1295.756,0.1288,0.553,3.4129
1297.082,0.1402,0.5492,3.5076
1298.408,0.1553,0.6174,3.6591
1299.735,0.1591,0.6326,3.6136
1301.061,0.1667,0.6667,3.6098
1302.387,0.1742,0.697,3.697
1303.714,0.1667,0.6856,3.9394
1305.04,0.1742,0.678,4.0076
1306.366,0.178,0.6591,4.1818
1307.692,0.1742,0.6364,4.2311
1309.019,0.178,0.6364,4.375
1310.345,0.1742,0.6326,4.4394
1311.671,0.1705,0.6212,4.4015
1312.997,0.1667,0.5795,4.3295
1314.324,0.1629,0.5682,4.6591
1315.65,0.1477,0.5417,4.7841
1316.976,0.1402,0.5455,5.0492
1318.302,0.1364,0.572,5.0871
1319.629,0.1364,0.6364,4.9924
1320.955,0.1364,0.7273,4.8106
1322.281,0.1288,0.7841,4.7652
1323.607,0.125,0.8182,4.6212
1324.934,0.1212,0.8523,4.3598
1326.26,0.125,0.8712,3.8712
1327.586,0.125,0.8712,3.7614
1328.912,0.1212,0.8788,3.75
1330.239,0.1212,0.8674,3.9621
1331.565,0.1174,0.7841,4.197
1332.891,0.1364,0.7386,4.4091
1334.218,0.1477,0.6894,4.4053
1335.544,0.1591,0.6667,4.2538
1336.87,0.1705,0.6174,3.9432
1338.196,0.1742,0.6136,3.3598
1339.523,0.1818,0.6098,3.1023
1340.849,0.1856,0.5909,2.9583
1342.175,0.1856,0.5909,2.2652
1343.501,0.1818,0.6288,2.053
1344.828,0.1856,0.6667,1.8485
1346.154,0.1856,0.6591,1.7689
1347.48,0.1894,0.6439,1.6439
1348.806,0.1932,0.6023,1.6439
1350.133,0.1932,0.5795,1.5227
1351.459,0.2045,0.6136,1.5227
1352.785,0.2121,0.6212,1.4621
1354.111,0.2235,0.6402,1.1894
1355.438,0.2197,0.7386,1.0985
1356.764,0.2197,0.7652,1.0114
1358.09,0.2159,0.7576,0.9053
1359.416,0.2045,0.7841,0.8939
1360.743,0.2008,0.9659,0.8258
1362.069,0.2008,0.9356,0.8144
1363.395,0.2121,0.9621,0.7841
1364.721,0.2311,0.9924,0.7121
1366.048,0.2348,1.0909,0.6591
1367.374,0.2424,1.0947,0.625
1368.7,0.25,1.1023,0.5871
1370.027,0.2652,1.1326,0.5758
1371.353,0.2689,1.1402,0.5682
1372.679,0.2689,1.1402,0.5606
1374.005,0.2689,1.1364,0.5492
1375.332,0.2727,1.0341,0.5341
1376.658,0.2917,0.8864,0.5227
1377.984,0.2955,0.875,0.5265
1379.31,0.2955,0.8636,0.5455
1380.637,0.2955,0.7614,0.553
1381.963,0.2917,0.7462,0.5795
1383.289,0.2803,0.7386,0.5871
1384.615,0.303,0.7424,0.5909
1385.942,0.3182,0.7273,0.6023
1387.268,0.3106,0.7424,0.6061
1388.594,0.3068,0.75,0.6288
1389.92,0.2992,0.7841,0.6364
1391.247,0.2576,0.8258,0.6402
1392.573,0.2576,0.8371,0.6477
1393.899,0.2765,0.9242,0.6402
1395.225,0.2803,0.9508,0.6326
1396.552,0.2765,1,0.6098
1397.878,0.2765,1.0379,0.5871
1399.204,0.2765,1.0341,0.5682
1400.531,0.2727,1.0303,0.5379
1401.857,0.2841,1.053,0.5341
1403.183,0.2879,1.0644,0.5227
1404.509,0.2917,1.0833,0.5189
1405.836,0.2879,1.0833,0.5227
1407.162,0.2803,1.0606,0.5379
1408.488,0.2803,1.0644,0.5417
1409.814,0.2576,1.0682,0.5492
1411.141,0.25,1.0682,0.553
1412.467,0.25,1.0909,0.5455
1413.793,0.25,1.1136,0.5303
1415.119,0.2879,1.1174,0.5152
1416.446,0.2917,1.1477,0.4773
1417.772,0.2879,1.1818,0.4432
1419.098,0.2879,1.2614,0.3939
1420.424,0.2689,1.2917,0.3977
1421.751,0.2689,1.3371,0.4053
1423.077,0.2765,1.3826,0.4091
1424.403,0.2992,1.4356,0.4015
1425.729,0.3068,1.4356,0.4015
1427.056,0.3106,1.4318,0.4242
1428.382,0.3106,1.4356,0.428
1429.708,0.3106,1.5038,0.428
1431.034,0.3106,1.5265,0.4167
1432.361,0.3106,1.5379,0.375
1433.687,0.3106,1.5265,0.3788
1435.013,0.3068,1.4962,0.3674
1436.34,0.3106,1.4811,0.3674
1437.666,0.3106,1.4811,0.3674
1438.992,0.3068,1.4811,0.3712
1440.318,0.3068,1.4886,0.3712
1441.645,0.303,1.4886,0.375
1442.971,0.3068,1.4811,0.375
1444.297,0.3068,1.4356,0.3788
1445.623,0.303,1.375,0.4091
1446.95,0.3068,1.2614,0.4091
1448.276,0.3068,1.2538,0.3977
1449.602,0.3068,1.1326,0.3902
1450.928,0.3068,1.0795,0.3826
1452.255,0.3068,1.0189,0.3674
1453.581,0.3068,1.0189,0.3712
1454.907,0.3182,1.1439,0.375
1456.233,0.3144,1.1515,0.3674
1457.56,0.3106,1.1667,0.3598
1458.886,0.3239,1.2045,0.3447
1460.212,0.3371,1.2008,0.3333
1461.538,0.3504,1.1705,0.3295
1462.865,0.3636,1.0871,0.322
1464.191,0.3598,1.0492,0.3144
1465.517,0.3636,1.0038,0.3144
1466.844,0.3598,1.0265,0.3106
1468.17,0.3598,1.1364,0.3068
1469.496,0.3636,1.1364,0.3068
1470.822,0.3598,1.1629,0.3068
1472.149,0.3598,1.2727,0.2955
1473.475,0.3523,1.4318,0.2727
1474.801,0.3409,1.4053,0.2652
1476.127,0.3333,1.2652,0.25
1477.454,0.3295,1.25,0.25
1478.78,0.3258,1.1023,0.2538
1480.106,0.3182,0.9735,0.25
1481.432,0.3106,0.9242,0.2424
1482.759,0.303,0.9205,0.2083
1484.085,0.3106,0.8295,0.2008
1485.411,0.3106,0.8485,0.2121
1486.737,0.3106,0.8523,0.2348
1488.064,0.3144,0.8371,0.25
1489.39,0.3144,0.8523,0.2576
1490.716,0.3106,0.928,0.2576
1492.042,0.3144,1,0.2652
1493.369,0.3144,1.1023,0.2462
1494.695,0.3144,1.1629,0.2348
1496.021,0.2955,1.2235,0.2083
1497.347,0.2841,1.2311,0.1932
1498.674,0.2841,1.2689,0.1932
1500,0.2803,1.2727,0.1667
