Time (s),L-H1,L-H2,M-H1,U-H1,U-H2,L-C1,L-C2,M-C1,U-C1,U-C2,L-F1,L-F2,L-F3,L-F4,L-F5,L-F6,L-F7,L-F8,L-F9,L-F10,M-F1,M-F2,M-F3,M-F4,M-F5,U-F1,U-F2,U-F3,U-F4,U-F5,U-F6,U-F7,U-F8,U-F9,U-F10,L-M1,L-M2,L-M3,L-M4,L-M5,L-M6,M-M1,M-M2,M-M3,U-M1,U-M2,U-M3,U-M4,U-M5,U-M6,L-R1,L-R2,L-R3,L-R4,L-R5,L-R6,L-R7,L-R8,L-R9,L-R10,M-R1,M-R2,M-R3,M-R4,M-R5,U-R1,U-R2,U-R3,U-R4,U-R5,U-R6,U-R7,U-R8,U-R9,U-R10
0,19.2,19.3,20.1,20.1,19.9,19.2,19.2,20.0,20.0,19.9,19.6,19.7,19.7,19.7,19.8,19.6,19.6,19.7,19.6,19.5,19.4,19.5,19.7,19.4,20.0,20.1,20.4,21.0,20.2,19.7,19.4,19.9,19.7,19.7,19.8,19.6,19.6,19.7,19.6,19.6,19.5,19.0,19.7,19.9,19.7,20.1,19.8,19.5,19.6,19.3,19.6,19.3,19.6,19.5,19.5,19.3,19.4,19.2,19.3,19.3,20.0,20.0,19.9,19.7,19.9,19.3,19.0,19.0,19.8,19.8,19.9,20.2,20.1,19.8,20.1
300,23.3,24.1,27.3,28.7,24.9,19.2,19.2,20.0,20.0,19.9,20.0,20.2,20.1,20.0,20.1,19.9,19.8,20.0,19.9,19.8,20.0,20.0,20.4,19.9,20.7,22.6,22.0,22.4,21.7,20.9,20.3,20.7,20.4,20.5,20.4,19.6,19.6,19.7,19.6,19.6,19.5,19.0,19.7,19.9,19.7,20.1,19.8,19.5,19.6,19.3,19.6,19.3,19.6,19.5,19.5,19.3,19.4,19.2,19.4,19.3,20.0,20.0,19.9,19.7,19.9,19.3,19.0,19.1,19.8,19.9,19.9,20.2,20.1,19.8,20.2
600,44.5,45.9,52.2,54.6,50.0,19.1,19.2,20.0,20.0,19.9,24.6,25.3,24.8,24.2,24.5,23.3,22.8,23.8,23.7,22.8,24.6,24.9,25.8,24.4,26.1,37.2,32.6,31.2,30.8,28.8,27.5,27.5,26.7,27.9,26.7,19.6,19.6,19.7,19.6,19.6,19.5,18.9,19.7,19.9,19.7,20.1,19.8,19.5,19.6,19.3,19.6,19.3,19.6,19.5,19.5,19.3,19.4,19.2,19.3,19.3,20.0,20.0,19.9,19.7,19.9,19.3,19.0,19.0,19.8,19.9,19.9,20.2,20.1,19.8,20.2
900,88.4,91.6,103.2,104.7,103.3,19.1,19.2,20.0,20.0,20.0,39.0,41.3,39.3,37.9,38.4,33.8,33.3,35.8,36.2,33.1,38.0,39.4,40.5,38.1,41.4,65.4,55.4,52.2,53.0,48.8,45.7,46.2,45.6,50.1,46.9,19.6,19.6,19.7,19.6,19.6,19.5,18.9,19.7,20.0,19.8,20.1,19.7,19.5,19.5,19.3,19.6,19.3,19.6,19.5,19.5,19.3,19.4,19.2,19.3,19.3,20.0,20.0,19.9,19.7,19.9,19.3,19.0,19.1,19.8,19.9,19.9,20.3,20.1,19.8,20.2
1200,145.9,149.7,176.1,164.6,168.1,19.1,19.2,20.1,20.1,20.1,63.5,69.1,64.1,63.2,63.0,53.9,53.7,57.5,59.9,52.8,61.9,66.4,66.1,64.1,68.1,102.1,90.7,85.0,88.7,80.9,75.4,78.7,76.6,86.2,81.0,19.8,19.7,19.8,19.7,19.8,19.7,19.1,19.9,20.1,20.4,20.3,19.9,19.7,19.7,19.4,19.6,19.3,19.6,19.5,19.5,19.3,19.4,19.2,19.3,19.2,20.0,20.0,19.9,19.7,19.9,19.3,19.1,19.1,19.8,20.0,19.9,20.3,20.1,19.8,20.2
1500,197.3,202.2,230.6,227.4,223.3,19.1,19.1,20.1,20.2,20.1,92.5,101.9,93.1,95.1,93.1,80.0,82.9,84.7,91.5,79.2,91.0,99.4,96.3,96.4,98.2,139.1,126.3,119.4,125.9,115.2,106.8,112.1,107.9,120.7,115.7,20.3,20.2,20.4,20.1,20.4,20.3,19.5,20.3,20.6,23.2,21.0,20.4,20.5,20.4,20.2,19.6,19.3,19.6,19.5,19.5,19.3,19.4,19.2,19.3,19.3,20.0,20.0,19.9,19.8,19.9,19.3,19.1,19.1,19.8,20.0,19.9,20.4,20.1,19.8,20.2
1800,224.1,227.2,257.0,258.7,251.7,19.1,19.1,20.2,20.3,20.2,117.0,129.6,116.9,121.9,118.8,102.7,108.5,108.1,118.4,104.4,116.6,126.6,120.5,122.6,122.8,173.8,159.6,149.1,158.6,144.6,132.3,140.0,133.3,152.1,145.4,21.7,21.2,22.1,21.2,22.0,21.7,20.8,21.4,21.9,29.4,22.6,21.8,22.3,22.2,22.5,19.6,19.4,19.6,19.5,19.5,19.3,19.4,19.2,19.3,19.3,20.1,20.1,20.0,19.9,19.9,19.5,19.1,19.2,19.8,20.1,19.9,20.4,20.2,20.0,20.3
2100,248.7,249.6,278.4,280.5,272.7,19.1,19.1,20.3,20.4,20.3,136.7,153.6,137.7,145.1,140.6,120.8,127.0,126.9,140.5,124.9,138.8,152.4,142.7,146.2,144.1,199.8,186.9,174.0,185.6,168.3,155.3,166.4,156.8,179.9,169.5,25.2,23.8,26.5,23.7,26.2,25.5,23.9,24.2,25.9,39.4,27.0,25.3,28.0,29.5,31.2,19.7,19.4,19.7,19.6,19.7,19.4,19.4,19.2,19.3,19.3,20.2,20.2,20.1,19.9,20.0,20.2,19.2,19.2,19.9,20.1,20.0,20.5,20.3,20.1,20.5
2400,274.3,274.6,301.5,303.1,294.5,19.1,19.1,20.6,20.5,20.4,156.3,178.6,158.6,170.3,162.3,138.8,147.8,146.0,163.8,144.8,159.7,178.9,164.1,170.2,165.0,222.2,212.3,196.1,210.9,189.8,176.4,192.0,178.2,206.3,191.2,32.8,29.6,34.9,29.6,36.6,34.6,30.4,30.8,34.4,50.4,35.6,32.3,38.2,43.3,45.0,19.8,19.6,19.8,19.7,20.1,19.7,19.5,19.3,19.4,19.3,20.3,20.3,20.2,20.0,20.1,21.7,19.3,19.2,19.9,20.2,20.2,20.8,20.5,20.5,20.7
2700,295.6,294.5,320.2,322.4,313.2,19.2,19.2,21.2,20.7,20.7,176.1,203.7,179.1,195.9,184.0,157.3,170.3,165.1,187.7,164.9,180.2,205.4,184.9,194.4,185.4,242.5,236.8,216.8,235.4,210.1,196.4,217.1,198.7,231.9,211.6,43.2,38.5,45.4,38.3,51.0,50.4,39.1,41.0,45.2,60.1,46.5,41.7,49.9,58.4,58.8,20.2,20.0,20.0,20.0,20.9,20.4,19.9,19.6,19.8,19.4,20.7,20.7,20.4,20.5,20.4,24.2,19.8,19.6,20.0,20.5,20.6,21.7,21.0,21.4,21.2
3000,311.3,308.8,333.9,336.3,327.3,19.5,19.6,22.1,21.1,21.4,195.0,227.2,197.9,220.3,204.0,174.7,191.8,182.8,210.8,183.7,199.1,230.2,204.0,217.6,204.1,259.5,258.8,235.0,257.3,227.9,214.2,240.2,217.3,255.0,229.6,54.3,49.4,55.9,47.7,64.0,68.4,48.9,52.7,56.8,68.0,57.6,52.2,60.7,70.6,69.3,21.3,20.9,20.5,20.7,22.3,21.5,20.7,20.3,20.6,19.9,21.3,21.6,21.0,21.5,20.9,27.5,20.6,20.2,20.4,21.2,21.6,23.0,22.2,22.8,22.4
3300,325.7,323.6,347.2,349.0,340.7,20.0,20.5,23.2,21.8,22.7,212.5,248.6,215.1,242.7,222.1,190.8,212.0,199.0,232.5,200.8,216.2,252.6,221.2,239.1,221.2,274.2,278.4,251.1,277.0,243.7,230.0,261.1,234.0,275.6,245.6,64.1,59.8,64.9,56.3,73.1,79.7,58.8,63.2,66.7,74.2,67.4,62.0,69.7,78.7,76.3,23.3,22.1,21.5,21.9,24.2,23.2,21.9,21.7,22.0,20.7,22.5,22.9,22.0,22.7,22.0,31.2,21.8,21.2,21.1,22.4,23.3,24.6,24.2,24.4,24.4
3600,338.8,336.7,358.6,360.6,352.9,21.0,22.0,24.5,23.0,24.8,229.0,268.4,231.0,263.4,238.8,205.9,231.0,214.3,252.6,216.7,232.0,273.0,237.0,259.1,237.1,287.7,296.5,266.1,295.2,258.4,244.7,280.3,249.5,294.5,260.6,72.0,68.4,72.1,63.7,78.9,86.0,67.8,71.7,74.4,79.0,75.0,70.1,76.7,83.6,80.8,26.0,23.7,23.2,23.3,26.6,25.3,23.3,23.8,23.7,22.3,24.2,24.7,23.7,24.2,23.5,35.2,23.2,22.9,22.2,24.4,25.7,26.5,27.0,26.2,27.3
3900,350.2,348.1,369.1,371.0,364.0,22.5,24.0,26.1,24.8,27.4,244.1,286.4,245.7,282.2,254.2,220.0,248.5,228.7,271.0,231.3,246.6,291.2,251.6,277.5,251.7,300.0,313.0,279.9,311.9,272.0,258.4,297.8,263.9,311.8,274.5,78.1,75.0,77.7,69.9,82.7,89.3,75.1,77.9,80.1,82.9,80.7,76.3,82.0,86.9,83.9,29.2,25.6,25.5,25.1,29.4,27.7,25.0,26.5,25.8,24.8,26.7,26.9,26.0,25.9,25.6,39.3,25.0,25.3,24.0,27.1,28.5,28.7,30.3,28.2,30.8
4200,359.9,358.2,376.8,378.7,372.4,24.6,26.6,28.0,27.1,30.4,258.0,302.8,259.3,299.1,268.1,233.2,264.8,242.1,287.8,244.9,259.8,307.6,264.9,294.3,265.1,311.1,327.9,292.4,327.1,284.2,271.0,313.5,277.1,327.2,287.1,82.8,79.8,81.8,75.0,84.8,91.2,80.4,82.4,84.1,86.4,84.7,81.1,85.9,89.0,86.2,32.8,27.8,28.4,27.2,32.6,30.4,26.8,30.2,28.3,28.4,29.8,29.4,29.1,27.8,28.2,43.3,27.1,28.3,26.3,30.1,31.6,31.2,34.0,30.5,34.5
4500,367.7,367.1,383.2,385.4,379.3,27.2,29.6,30.2,30.2,33.7,270.7,317.9,271.5,314.5,280.5,245.4,279.7,254.5,303.0,257.2,271.5,322.0,276.7,309.2,277.0,320.6,340.7,303.3,340.3,294.6,282.1,327.3,288.7,340.4,298.1,86.3,83.3,85.0,79.3,86.8,92.4,84.1,85.3,86.8,89.4,87.6,84.8,88.9,90.6,88.2,36.5,30.3,31.7,29.6,35.9,33.4,28.9,33.4,30.9,33.1,33.6,32.2,32.6,30.0,31.2,47.2,29.5,31.9,29.1,33.4,34.9,33.8,37.7,32.9,38.3
4800,374.7,373.6,388.8,390.1,385.2,30.1,32.8,32.7,33.6,37.1,282.3,331.5,282.6,328.0,291.8,256.9,293.5,266.0,316.6,268.7,282.2,334.6,287.3,322.6,288.0,328.8,351.9,313.1,351.2,304.1,292.1,339.5,299.1,352.1,308.0,89.2,86.0,87.5,82.8,88.5,93.1,86.7,87.6,88.7,92.0,89.9,87.7,91.4,91.9,90.0,40.3,32.9,35.2,32.2,39.3,36.5,31.1,37.2,33.8,38.4,37.8,35.2,36.5,32.5,34.5,50.9,32.2,35.7,32.3,36.9,38.2,36.6,41.3,35.5,42.0
5100,380.5,379.9,393.9,393.4,390.3,33.1,36.0,35.3,37.1,40.5,292.6,343.2,292.6,339.8,301.9,267.4,306.0,276.3,328.8,279.2,291.7,345.6,296.8,334.5,297.9,335.7,361.7,321.4,360.8,312.6,301.1,350.0,308.3,362.1,316.9,91.4,88.2,89.6,85.8,90.2,93.7,88.4,89.4,90.2,94.1,91.7,90.0,93.1,93.0,91.7,43.9,35.7,38.7,34.9,42.7,39.7,33.5,40.7,36.7,43.7,42.0,38.4,40.5,35.2,37.9,54.4,35.2,39.7,35.7,40.4,41.6,39.4,44.8,38.2,45.5
5400,386.6,386.4,399.2,397.8,395.8,36.3,39.1,38.1,40.7,43.7,302.1,353.6,301.8,350.3,311.2,277.1,317.3,285.8,339.7,288.9,300.4,355.3,305.6,345.2,307.1,342.1,370.4,328.9,369.4,320.5,309.4,359.5,316.8,371.1,324.9,93.0,90.3,91.3,88.3,91.8,94.5,89.7,91.0,91.4,96.3,93.4,91.8,94.2,94.2,93.3,47.5,38.6,42.2,37.7,46.0,42.9,36.0,44.1,39.8,48.8,46.0,41.8,44.5,38.0,41.4,57.7,38.4,43.6,39.2,43.8,45.0,42.3,48.1,41.0,48.8
5700,391.7,392.1,403.9,402.4,400.6,39.4,42.1,41.0,44.2,46.8,310.9,363.1,310.4,359.7,319.7,286.3,327.8,294.7,349.7,297.8,308.5,364.1,313.8,354.9,315.8,348.2,378.3,336.2,377.3,327.9,317.2,368.0,324.8,379.1,332.4,94.3,92.0,92.9,90.5,93.4,95.8,90.7,92.5,92.4,99.2,95.2,93.3,95.2,95.6,95.2,50.8,41.6,45.5,40.6,49.3,46.1,38.6,47.3,43.0,53.4,49.7,45.2,48.3,41.0,44.8,60.9,41.7,47.3,42.6,47.1,48.2,45.2,51.2,43.8,51.9
6000,396.3,397.0,408.0,406.2,404.8,42.4,44.9,44.0,47.5,49.7,318.8,371.4,318.2,368.1,327.5,294.8,337.4,302.9,358.5,306.1,316.0,371.9,321.3,363.6,323.7,353.8,385.1,342.9,384.2,334.6,324.3,375.6,332.1,386.2,339.3,95.8,93.7,94.5,92.4,94.9,97.8,91.7,94.0,93.2,102.9,97.2,95.0,96.8,97.4,97.8,54.0,44.5,48.6,43.6,52.4,49.3,41.4,50.3,46.2,57.5,53.0,48.7,52.0,44.1,48.1,63.9,45.1,50.9,45.8,50.3,51.2,48.0,54.1,46.6,54.9
6300,400.2,401.8,411.6,409.3,408.2,45.1,47.6,47.0,50.7,52.5,326.0,378.9,325.4,375.6,334.7,302.7,346.2,310.5,366.5,313.6,322.9,378.9,328.2,371.4,330.9,358.9,391.2,349.1,390.4,340.9,331.0,382.4,338.8,392.4,345.5,97.8,95.4,96.5,94.2,96.7,100.4,92.6,95.4,94.1,107.0,99.7,97.3,99.3,99.6,101.1,57.0,47.5,51.6,46.5,55.4,52.4,44.2,53.1,49.4,61.1,56.1,52.1,55.4,47.2,51.3,66.6,48.4,54.3,48.9,53.2,54.2,50.8,56.8,49.4,57.6
